ID,Category,Extraversion,Neuroticism,Agreeableness,Conscientiousness,Openness
99244405,TEACHER,0.2998854,0.20134881,0.37825692,0.5359725,0.6391805
17562754,DIGITAL-MEDIA,0.27590546,0.28207976,0.38037634,0.36258253,0.86984694
30311725,CONSTRUCTION,0.37773898,0.26629996,0.5534266,0.7395819,0.7843649
19007667,CHEF,0.4170824,0.48450097,0.8339647,0.61368674,0.6828001
11065180,BANKING,0.31760606,0.15477024,0.6264723,0.52726734,0.71230185
39237915,BUSINESS-DEVELOPMENT,0.5674067,0.41212735,0.54117537,0.41439992,0.4415094
17199951,DESIGNER,0.19862245,0.23538655,0.56533986,0.46575257,0.6280936
18236085,BUSINESS-DEVELOPMENT,0.28497785,0.39742422,0.4939833,0.37977847,0.7597965
79663360,TEACHER,0.32639349,0.32191604,0.63687557,0.49713022,0.75004447
62312955,DESIGNER,0.173404,0.4779759,0.59157515,0.291506,0.67493623
12333703,HEALTHCARE,0.5019845,0.492557,0.7430521,0.46913102,0.61942756
45907524,HEALTHCARE,0.43004978,0.4879709,0.59619856,0.63177776,0.5595257
20552814,SALES,0.35017538,0.37307262,0.7059837,0.5662686,0.8145324
73030450,ARTS,0.54140806,0.2964095,0.6638388,0.48718622,0.30934736
14508237,AUTOMOBILE,0.2146796,0.4613518,0.6566621,0.6362982,0.7430345
37360517,SALES,0.39327648,0.48897758,0.73178726,0.35422257,0.6259432
25080805,BANKING,0.29658982,0.359094,0.6204819,0.47580242,0.4097814
36694627,ADVOCATE,0.2765933,0.38693383,0.5982566,0.6179407,0.8120167
18106533,ARTS,0.43374673,0.48253432,0.7414846,0.7331526,0.68799806
28419173,HR,0.47491124,0.18277176,0.78504574,0.4974823,0.5411928
68240723,DESIGNER,0.37939826,0.23791562,0.41099164,0.15525268,0.8276884
52979663,HR,0.2827067,0.49058378,0.24356198,0.6444749,0.75810707
18460045,DESIGNER,0.28122953,0.35608107,0.5495353,0.2559324,0.78694177
64589506,BANKING,0.24634592,0.39441004,0.70919377,0.4661202,0.52436554
23864858,DIGITAL-MEDIA,0.32751015,0.3512174,0.5770214,0.42660686,0.49078378
14990354,BUSINESS-DEVELOPMENT,0.23863746,0.35417297,0.69781613,0.30715173,0.64077246
36621169,SALES,0.1332094,0.5730733,0.57771033,0.43590802,0.6889832
78538268,ADVOCATE,0.3223864,0.35964146,0.65540504,0.47408566,0.77764505
22351830,CONSULTANT,0.35988837,0.49495628,0.35782215,0.17782828,0.64041746
10228751,BUSINESS-DEVELOPMENT,0.65094864,0.4956093,0.5748649,0.6511493,0.33869398
24592627,AUTOMOBILE,0.5035699,0.20306562,0.68105584,0.6104287,0.5979683
18949843,HEALTHCARE,0.5067254,0.19418502,0.6067057,0.36969748,0.6576584
25127518,ACCOUNTANT,0.3900253,0.2547697,0.72561187,0.63724434,0.6911161
17115815,BUSINESS-DEVELOPMENT,0.21801499,0.4151009,0.48621342,0.34976423,0.41366205
29525715,PUBLIC-RELATIONS,0.4365406,0.34532827,0.46869063,0.488386,0.7969709
23464505,AVIATION,0.20272908,0.3743185,0.74612504,0.36578023,0.55622226
12613221,HEALTHCARE,0.33882993,0.45750648,0.5943891,0.32069626,0.4554121
12717345,CHEF,0.45876214,0.3905101,0.5911882,0.3462302,0.697781
68216398,AVIATION,0.46134213,0.53465444,0.5021275,0.56254786,0.5189966
10816645,FITNESS,0.58075935,0.37163743,0.55831605,0.35957935,0.72801435
28337049,BUSINESS-DEVELOPMENT,0.19975019,0.5163486,0.5524196,0.5077852,0.56241566
17641670,INFORMATION-TECHNOLOGY,0.5222032,0.45468888,0.5177673,0.4123397,0.4139352
25930778,ENGINEERING,0.23072223,0.41378146,0.722406,0.443851,0.56496626
27058381,INFORMATION-TECHNOLOGY,0.42976967,0.25777403,0.44003353,0.20105326,0.51505905
39970711,HR,0.39561534,0.24770467,0.5550852,0.5069619,0.5136043
21853199,ACCOUNTANT,0.6307179,0.3177566,0.66314,0.3588554,0.6250167
25926667,ARTS,0.6407685,0.29949233,0.5964429,0.39479867,0.51868755
12890045,CONSTRUCTION,0.46721613,0.2312368,0.6226442,0.47834054,0.6141582
23807940,CHEF,0.25696257,0.4523444,0.6239057,0.7441967,0.7612559
18264694,AGRICULTURE,0.40665162,0.24370888,0.48490682,0.5188604,0.6168463
10567764,AVIATION,0.38108045,0.25434196,0.36233622,0.30547923,0.42524278
20574232,CONSULTANT,0.14581124,0.26379666,0.53555727,0.5726068,0.41159865
21101152,CHEF,0.47931683,0.34271893,0.76900476,0.41488886,0.8153026
22259475,ADVOCATE,0.4638239,0.32726845,0.75502086,0.5206711,0.67504084
17509935,SALES,0.42493224,0.31909496,0.6705097,0.5793867,0.6619758
11551946,BUSINESS-DEVELOPMENT,0.25686085,0.4076896,0.7091262,0.46178547,0.45700938
31638814,BUSINESS-DEVELOPMENT,0.322873,0.388175,0.5727926,0.42051947,0.5520256
17659053,APPAREL,0.31935623,0.35358664,0.6376499,0.42717153,0.47991908
28756444,CONSTRUCTION,0.1468852,0.4952423,0.5570949,0.35971028,0.65655583
11333660,CONSULTANT,0.4795016,0.29187852,0.5642015,0.49856427,0.7987594
26459032,FITNESS,0.5428346,0.36258313,0.60069263,0.7776354,0.4784331
14663897,CHEF,0.51534516,0.6627071,0.7535116,0.29541022,0.74873257
31243710,INFORMATION-TECHNOLOGY,0.29208118,0.39777136,0.74440217,0.20923764,0.35238114
66832845,INFORMATION-TECHNOLOGY,0.20290612,0.43286183,0.39536145,0.39075586,0.4539629
13583538,TEACHER,0.48018077,0.6881626,0.4791797,0.47058454,0.8377747
26098594,APPAREL,0.58319736,0.18808252,0.68527013,0.33508727,0.8224109
48533663,CONSULTANT,0.36486658,0.27602816,0.6767219,0.34134406,0.70155865
37201447,AGRICULTURE,0.3406803,0.5168046,0.51466733,0.6530733,0.53259313
10659182,ADVOCATE,0.7379031,0.43804312,0.50526536,0.58902776,0.6355733
39908485,CONSTRUCTION,0.28311437,0.32442948,0.50482905,0.46013182,0.7287023
71422121,BANKING,0.5118166,0.31784067,0.5333861,0.2121238,0.6342148
17378327,SALES,0.33941808,0.3714534,0.63708645,0.60338575,0.76127875
11850315,PUBLIC-RELATIONS,0.5111308,0.40054303,0.48667157,0.3885911,0.8166882
11187796,ARTS,0.50346357,0.27012506,0.5006198,0.8036112,0.8209292
12904972,AVIATION,0.17388679,0.3101261,0.52761614,0.45157048,0.6188723
32651555,FITNESS,0.65409106,0.30644742,0.8810269,0.609042,0.72101915
46260230,INFORMATION-TECHNOLOGY,0.4207828,0.30264616,0.52689326,0.45209602,0.5463751
98513424,FINANCE,0.45685595,0.2804096,0.31486678,0.57694274,0.5025299
96761538,FITNESS,0.3124838,0.6343962,0.6442485,0.3394465,0.83189446
24643412,CONSULTANT,0.26211452,0.33784926,0.4655666,0.3623058,0.5381809
16605640,APPAREL,0.76513857,0.50309235,0.6591331,0.89070904,0.61030173
15083600,CONSULTANT,0.36970565,0.35321972,0.67453665,0.4929679,0.85211504
91591026,CHEF,0.42070243,0.32227114,0.8303324,0.4903397,0.6539464
22232367,AVIATION,0.15452196,0.20266458,0.61975664,0.5710693,0.55528116
20024870,INFORMATION-TECHNOLOGY,0.24963647,0.64914674,0.6733905,0.43604347,0.70937306
32605413,CHEF,0.31773117,0.4671115,0.50422114,0.40218338,0.48349538
25873425,ADVOCATE,0.5675888,0.30352727,0.6501773,0.59011155,0.5711835
27126818,TEACHER,0.514989,0.1880174,0.5523235,0.60368186,0.6383553
28290448,PUBLIC-RELATIONS,0.5209286,0.6255908,0.65224653,0.4209208,0.5794504
22019500,CONSTRUCTION,0.2717029,0.12005486,0.6376763,0.3079725,0.7874131
16911115,ENGINEERING,0.2985465,0.54696417,0.5744498,0.5962057,0.41970345
25846894,ACCOUNTANT,0.4924308,0.34283188,0.508366,0.35925117,0.39076892
17823436,BANKING,0.1791387,0.4319238,0.5837051,0.3316232,0.54688597
18155310,HR,0.33183557,0.2751666,0.82446426,0.3409067,0.6697156
31211074,PUBLIC-RELATIONS,0.400384,0.19898073,0.619017,0.4088383,0.82637346
27182111,ADVOCATE,0.5170757,0.40263298,0.622894,0.46725976,0.70809734
23631188,AGRICULTURE,0.3377747,0.41107312,0.61089396,0.5028274,0.708322
28642819,TEACHER,0.6632037,0.32503697,0.69891953,0.37751243,0.9183928
12802330,ACCOUNTANT,0.46030948,0.37706667,0.73111075,0.4032801,0.7131754
11441764,FINANCE,0.21504821,0.38120416,0.58263093,0.4880671,0.70984113
31025785,BANKING,0.37934738,0.20946012,0.5571896,0.4077668,0.43283826
25142074,APPAREL,0.1509437,0.394983,0.529459,0.6490811,0.77615565
29897742,AGRICULTURE,0.26355433,0.3644214,0.43887696,0.63276666,0.6011624
50219114,DIGITAL-MEDIA,0.43853346,0.34681216,0.5483517,0.3511319,0.5091416
19090468,HEALTHCARE,0.4163232,0.58369625,0.4420475,0.535683,0.5130582
34141299,AGRICULTURE,0.48089874,0.42032367,0.7634429,0.82849795,0.42375693
90685127,DIGITAL-MEDIA,0.5299621,0.26158875,0.47900173,0.5892586,0.5304718
11887930,AUTOMOBILE,0.5259624,0.22857048,0.49922824,0.3861666,0.7009464
34594746,HEALTHCARE,0.33830336,0.19279288,0.71168596,0.43767607,0.5088589
11188218,ADVOCATE,0.42236707,0.22012685,0.8252252,0.6045487,0.6898029
37335325,ENGINEERING,0.5458049,0.34718406,0.5985757,0.36341247,0.40305415
10504237,TEACHER,0.64358073,0.38294074,0.55613923,0.4465684,0.75698096
23427369,ADVOCATE,0.5414515,0.6053266,0.75358,0.47199625,0.7523214
18484846,HEALTHCARE,0.2520128,0.3798975,0.65777105,0.45548514,0.7100949
18805506,BANKING,0.27813944,0.35059786,0.5675493,0.7993409,0.48926187
17131084,BANKING,0.26728556,0.1868194,0.56254065,0.35331666,0.6741559
14556869,DIGITAL-MEDIA,0.6397858,0.4995746,0.56347615,0.68749714,0.7583521
35971546,CONSTRUCTION,0.34826544,0.55982786,0.56107616,0.36729163,0.59839857
29002596,DIGITAL-MEDIA,0.31117958,0.25106892,0.59995854,0.2842174,0.55504394
34544955,CONSTRUCTION,0.24201669,0.3465005,0.5938088,0.44111684,0.57074964
39166680,DIGITAL-MEDIA,0.4103503,0.21078302,0.6633422,0.33679277,0.50745595
10562768,APPAREL,0.39511645,0.5155442,0.49281824,0.6164343,0.68414605
11174187,ADVOCATE,0.24633206,0.29489377,0.62095696,0.68993944,0.53379935
22890839,ENGINEERING,0.27932987,0.35821363,0.5951871,0.3045092,0.44172993
26691587,APPAREL,0.42941454,0.3967414,0.62085104,0.48878053,0.7190051
10734870,CONSTRUCTION,0.26295814,0.31254885,0.5409201,0.37660602,0.70130736
28969385,ACCOUNTANT,0.43354094,0.38446197,0.7311576,0.69304514,0.711994
13557622,DESIGNER,0.3381568,0.31643292,0.37474898,0.1452842,0.7656708
22732234,AUTOMOBILE,0.7301076,0.30305645,0.77369064,0.26064357,0.5700304
16694152,BUSINESS-DEVELOPMENT,0.4809273,0.18947339,0.6346629,0.4310053,0.82989955
28951817,CONSULTANT,0.30386534,0.3771321,0.57455766,0.2186748,0.75774264
33750209,HEALTHCARE,0.52876884,0.49657613,0.67842615,0.40406805,0.5870649
22615491,BANKING,0.6155889,0.39352596,0.44330955,0.59368783,0.65849084
21363048,CONSTRUCTION,0.315124,0.286236,0.5483908,0.4576796,0.7152247
74191424,ADVOCATE,0.6441249,0.25522217,0.6623414,0.41484278,0.63228035
37087824,FITNESS,0.4554932,0.35307017,0.78474206,0.59876597,0.6912271
23591247,CHEF,0.7658767,0.553577,0.6449995,0.58891237,0.68022054
10515955,DIGITAL-MEDIA,0.393603,0.2583249,0.48949414,0.6044967,0.7576865
29648950,FINANCE,0.3500867,0.16213317,0.62563574,0.7114723,0.58927786
26919036,CONSULTANT,0.57058597,0.23133394,0.5380945,0.29266137,0.6420119
15575117,HR,0.5595306,0.36837903,0.51899725,0.4946955,0.49573502
38291889,ADVOCATE,0.6798243,0.4276603,0.51454395,0.5849534,0.574727
10281555,CONSTRUCTION,0.4286005,0.2782617,0.63050824,0.54014266,0.5147703
12059198,BUSINESS-DEVELOPMENT,0.35459885,0.35546207,0.65972906,0.36432165,0.64100087
17688766,INFORMATION-TECHNOLOGY,0.36759403,0.41372406,0.6076727,0.30914536,0.42506936
31220062,PUBLIC-RELATIONS,0.59066254,0.38516364,0.7263898,0.48291197,0.5278959
34712719,PUBLIC-RELATIONS,0.33363703,0.16392492,0.65807086,0.45770437,0.6674136
12777487,ARTS,0.41759408,0.5372976,0.46570173,0.46084082,0.4647896
26829561,APPAREL,0.29853255,0.52334505,0.714169,0.37191668,0.589963
51777546,HEALTHCARE,0.56461704,0.20130065,0.51029325,0.45324743,0.5978262
35564026,BANKING,0.46957898,0.20917617,0.7408278,0.53001636,0.52981997
51724595,CONSULTANT,0.2073977,0.35680488,0.6400388,0.29088515,0.5209549
24550866,HEALTHCARE,0.6680858,0.264928,0.60157216,0.33663404,0.49892834
20633855,BUSINESS-DEVELOPMENT,0.6076806,0.3062882,0.73279935,0.65123415,0.53179437
84295343,AUTOMOBILE,0.48370847,0.35999978,0.7375157,0.3307658,0.77012444
36252245,AVIATION,0.49526265,0.29603484,0.5701625,0.39400816,0.6958282
41344156,INFORMATION-TECHNOLOGY,0.3947609,0.24445622,0.68829095,0.5625961,0.4619252
45462344,PUBLIC-RELATIONS,0.20127568,0.35704324,0.6362261,0.33531353,0.8056669
12239749,AVIATION,0.4884342,0.30486372,0.5529074,0.5114989,0.7941363
17658471,FITNESS,0.44591963,0.30159652,0.5311462,0.7659561,0.68111867
91539554,DIGITAL-MEDIA,0.39090425,0.18006264,0.7570707,0.5447206,0.6665219
30938994,BUSINESS-DEVELOPMENT,0.29313552,0.31342977,0.53746325,0.41790774,0.73658514
10041713,CONSTRUCTION,0.48505196,0.160863,0.4888529,0.5227945,0.7104869
38897568,BANKING,0.2614856,0.23407164,0.6932566,0.45458618,0.5482149
69181350,CONSULTANT,0.30974758,0.35521692,0.5403398,0.36382195,0.53915113
23032182,SALES,0.7275051,0.31982327,0.8012781,0.28820583,0.58168703
15727656,ADVOCATE,0.2557744,0.48786885,0.48614573,0.4905001,0.5299733
39581020,SALES,0.2988588,0.49821326,0.62847066,0.5454452,0.807849
30999638,DIGITAL-MEDIA,0.32427463,0.26671097,0.5999379,0.23576608,0.7335239
11432686,CHEF,0.59010327,0.32740584,0.5964143,0.3332769,0.8563278
78403342,ACCOUNTANT,0.24532762,0.4666333,0.68209434,0.4059275,0.51521
57364820,CONSULTANT,0.2619932,0.1250429,0.4827087,0.21399565,0.78790504
12085736,DIGITAL-MEDIA,0.20808758,0.15343769,0.56203747,0.42288947,0.8186862
19938081,FITNESS,0.47471398,0.31855428,0.77405286,0.4262478,0.6766142
55097118,SALES,0.25057915,0.12513213,0.6371744,0.22944486,0.5336768
27000192,PUBLIC-RELATIONS,0.58715403,0.65004325,0.45412898,0.44738168,0.69603646
37473139,AVIATION,0.18495558,0.47664106,0.719346,0.7728929,0.60630345
31199035,SALES,0.33712843,0.6161521,0.6459529,0.68241006,0.8130759
53701275,PUBLIC-RELATIONS,0.41794452,0.4614937,0.59317905,0.3657752,0.48520836
81125166,ENGINEERING,0.39766735,0.7724916,0.6801561,0.29789203,0.75021386
35474904,ADVOCATE,0.42304388,0.20482913,0.7516343,0.38692102,0.77521044
17704246,SALES,0.6470858,0.24355754,0.76110005,0.5414081,0.72408605
58208591,APPAREL,0.393716,0.2157207,0.7163238,0.5245207,0.7966312
25905275,INFORMATION-TECHNOLOGY,0.36457747,0.19350903,0.6548547,0.3790312,0.27823153
18979238,DESIGNER,0.19261436,0.2699862,0.34225082,0.40550128,0.8478652
51432451,CONSULTANT,0.3815185,0.23327513,0.5995601,0.3986498,0.7179355
42384185,DESIGNER,0.3112296,0.2969899,0.673852,0.23716319,0.7481274
60489316,BANKING,0.48735502,0.34152824,0.61015344,0.41869634,0.50751454
18198627,DESIGNER,0.15838562,0.34259132,0.5076652,0.31940094,0.76719505
23438227,ENGINEERING,0.10204988,0.3983986,0.47501004,0.3347169,0.62922055
14146106,ADVOCATE,0.34543446,0.24849288,0.7614088,0.36985534,0.43986246
23577836,ADVOCATE,0.37994406,0.21610998,0.52214307,0.44602007,0.51432216
18795567,DESIGNER,0.32397416,0.34993753,0.4098569,0.20270501,0.83447
51554903,CHEF,0.69883937,0.35021964,0.80494887,0.43526328,0.7985586
14496667,ACCOUNTANT,0.17375393,0.47345674,0.754257,0.63078815,0.58986986
70603826,FITNESS,0.8473006,0.4017544,0.6759779,0.3261828,0.54921526
15581242,SALES,0.41803876,0.4951063,0.6332365,0.7725783,0.62385386
18187364,INFORMATION-TECHNOLOGY,0.47990373,0.38176695,0.6489184,0.36424267,0.52899456
14771530,DIGITAL-MEDIA,0.36407512,0.2284571,0.5991851,0.28814065,0.5597953
17342969,CONSTRUCTION,0.4899779,0.36782926,0.5767281,0.5841982,0.532126
77266989,FITNESS,0.6749356,0.62967896,0.4912903,0.55917984,0.565772
20357858,BUSINESS-DEVELOPMENT,0.55979264,0.27080572,0.49679282,0.48914278,0.8957921
18753367,ENGINEERING,0.29946327,0.43686485,0.6649343,0.6623046,0.5016752
16849128,AGRICULTURE,0.683852,0.4661522,0.65404177,0.33492833,0.6825188
32799518,CONSTRUCTION,0.22877504,0.30551457,0.6152179,0.4520674,0.8398308
14449423,ACCOUNTANT,0.2731574,0.5994276,0.5192355,0.5661338,0.42581758
26801767,INFORMATION-TECHNOLOGY,0.38251662,0.3216554,0.6084847,0.5042993,0.43771
27485716,INFORMATION-TECHNOLOGY,0.5300872,0.16035827,0.4659354,0.4273537,0.5788603
18669563,ACCOUNTANT,0.34407455,0.4060792,0.50806236,0.45290694,0.6029493
10176815,AVIATION,0.26479873,0.29073116,0.6648034,0.6330162,0.48952454
19402977,APPAREL,0.5117034,0.3783395,0.6761396,0.466852,0.47589117
48547319,TEACHER,0.57610935,0.27579343,0.5153918,0.34234488,0.7677463
98300955,HEALTHCARE,0.5930922,0.5079538,0.44611323,0.4816328,0.7618911
78257294,ACCOUNTANT,0.36447605,0.28377452,0.60864604,0.4141231,0.7778379
59777056,FINANCE,0.29135215,0.31274706,0.68140066,0.58115816,0.64505833
22465498,ACCOUNTANT,0.49819094,0.32305923,0.5943166,0.3845538,0.6612356
12442909,ACCOUNTANT,0.5366495,0.2954526,0.7923903,0.601378,0.61978585
38154903,AVIATION,0.22884384,0.5563322,0.55341923,0.3939629,0.7184594
14849103,CONSTRUCTION,0.4424937,0.27914706,0.4971667,0.32809478,0.54089564
31242382,ADVOCATE,0.29405025,0.48832455,0.76354146,0.376141,0.47344637
18825446,CHEF,0.48594016,0.5688311,0.72493535,0.29946023,0.7223417
29332616,SALES,0.38220766,0.35124096,0.74385726,0.5720713,0.6011812
67501448,BUSINESS-DEVELOPMENT,0.4246047,0.21897948,0.3694816,0.3968008,0.7125184
97169343,HEALTHCARE,0.41278437,0.4445132,0.66021705,0.36360252,0.54109395
20691949,CHEF,0.265606,0.41806763,0.62519664,0.38730794,0.7833688
18133495,PUBLIC-RELATIONS,0.3290531,0.5102846,0.44148523,0.43627116,0.53799033
12122372,APPAREL,0.34077188,0.42161655,0.51405483,0.33518046,0.44963962
10694288,HR,0.50427264,0.4361963,0.56193227,0.5140707,0.63314676
25187733,CONSTRUCTION,0.21692787,0.30519605,0.583837,0.40919432,0.4732235
19243556,FINANCE,0.44935864,0.2051405,0.43475002,0.4697777,0.79388005
18525641,DIGITAL-MEDIA,0.5137428,0.21674614,0.5492033,0.16431655,0.6562987
22675694,DESIGNER,0.1815397,0.58236766,0.7916307,0.32931128,0.6636771
10089434,INFORMATION-TECHNOLOGY,0.43532434,0.5198248,0.6381557,0.47403282,0.36184308
14049846,ENGINEERING,0.16365358,0.6078151,0.49010685,0.35330197,0.7027461
66741193,FINANCE,0.6612476,0.3391053,0.46082446,0.47278467,0.7882119
23438112,ACCOUNTANT,0.30557287,0.44086036,0.4700967,0.4839032,0.78494716
22650051,AVIATION,0.6255889,0.4150213,0.70520747,0.35925362,0.4378308
87867370,BANKING,0.7253956,0.3385492,0.47408542,0.46300957,0.54497474
29486525,TEACHER,0.47595975,0.20901021,0.5232332,0.5985114,0.5812254
37750854,APPAREL,0.3775505,0.30153662,0.56544423,0.2925986,0.6154115
18472240,CONSTRUCTION,0.46227017,0.36641806,0.5595165,0.4269016,0.72825086
20986595,DESIGNER,0.5038595,0.44146526,0.3282336,0.33353627,0.6290676
27375577,BUSINESS-DEVELOPMENT,0.21759467,0.3608072,0.49653727,0.52463263,0.642961
29050809,ACCOUNTANT,0.63561714,0.33124697,0.69125015,0.5977721,0.5099456
16223371,SALES,0.28812975,0.34583053,0.7116064,0.53488785,0.6646996
16332293,AUTOMOBILE,0.32582712,0.2579879,0.61170787,0.60570943,0.7382617
21780877,INFORMATION-TECHNOLOGY,0.3249263,0.2551216,0.7290109,0.39716908,0.542357
21511817,CHEF,0.32661158,0.43152314,0.47902948,0.5265252,0.7621049
11813872,AGRICULTURE,0.5344588,0.21609317,0.62520176,0.5373807,0.56100434
12338274,ACCOUNTANT,0.29222965,0.31129968,0.59432083,0.64117944,0.49257526
10541358,BUSINESS-DEVELOPMENT,0.28134984,0.42424592,0.601416,0.5354903,0.5751538
80275976,BUSINESS-DEVELOPMENT,0.31416768,0.489283,0.39093554,0.32120907,0.6902072
14381464,SALES,0.21666524,0.33952767,0.83688956,0.5428181,0.7554642
28635795,ADVOCATE,0.21632035,0.29817405,0.5758499,0.27993235,0.6507082
98389424,AVIATION,0.37110016,0.30394238,0.5363558,0.25688004,0.59089535
20628003,DIGITAL-MEDIA,0.39271954,0.26023656,0.5810635,0.23294845,0.6069664
25422388,DESIGNER,0.32196587,0.47977474,0.4823443,0.21068734,0.51505756
14413257,APPAREL,0.18820979,0.4062805,0.69777954,0.3760598,0.6000488
28396528,CHEF,0.30642822,0.5769178,0.5870497,0.5894155,0.47097334
71576860,CONSTRUCTION,0.34418175,0.37117872,0.6161357,0.3520609,0.6083885
30127072,BANKING,0.49628475,0.38955155,0.5360543,0.6075325,0.58809793
78114950,CONSTRUCTION,0.25114438,0.14417705,0.40381014,0.50943416,0.6435526
13264796,ENGINEERING,0.5258834,0.32738853,0.509949,0.41314244,0.67210186
12695799,FITNESS,0.47078785,0.31391877,0.70952183,0.57171774,0.60795254
11580408,INFORMATION-TECHNOLOGY,0.5230502,0.22316614,0.45847902,0.5051997,0.4926708
74552449,BANKING,0.5232494,0.41770837,0.71193093,0.53708166,0.5830916
19444529,DIGITAL-MEDIA,0.62910515,0.2764879,0.6116184,0.55770373,0.76388514
62555739,CHEF,0.1447683,0.45522097,0.43011665,0.29748523,0.41328827
37818861,CONSULTANT,0.45224932,0.2815602,0.67772686,0.5768496,0.8056966
36574147,BUSINESS-DEVELOPMENT,0.4494075,0.43705398,0.42364517,0.77599853,0.8483772
19717385,HR,0.15763947,0.20323545,0.73775643,0.3686869,0.6301746
25813953,BUSINESS-DEVELOPMENT,0.7698308,0.35096008,0.6761325,0.38482076,0.6982335
26173524,PUBLIC-RELATIONS,0.72725904,0.31607634,0.4551946,0.3733729,0.5633183
29573698,FITNESS,0.28208894,0.49419534,0.8564522,0.39137873,0.6827699
83566455,APPAREL,0.2958057,0.17616126,0.72412306,0.3772471,0.78176314
13915715,PUBLIC-RELATIONS,0.42889035,0.39895928,0.48132184,0.28633663,0.6777471
22894544,CONSTRUCTION,0.23504834,0.21114229,0.7681379,0.32924694,0.7660354
28176889,CHEF,0.59547323,0.60675555,0.6188287,0.6045214,0.65815365
10062724,HEALTHCARE,0.7059604,0.6490454,0.73437506,0.57591534,0.6208119
29173771,ADVOCATE,0.42694053,0.29782626,0.647291,0.39934465,0.690605
14140903,AGRICULTURE,0.45433763,0.48114538,0.4557951,0.43600062,0.7835016
25718772,AVIATION,0.16572995,0.5003743,0.5730603,0.20445487,0.46566182
15484097,DIGITAL-MEDIA,0.49688593,0.35787746,0.43986872,0.4663117,0.50523436
20824105,INFORMATION-TECHNOLOGY,0.66788566,0.38173032,0.7118048,0.7249942,0.57182306
28629430,ARTS,0.24832553,0.38052148,0.52321106,0.3386342,0.8253357
29990140,CHEF,0.49409008,0.33171275,0.6622681,0.41401565,0.60842896
13014900,DESIGNER,0.16111167,0.4445573,0.62064075,0.3368236,0.73726743
29075857,INFORMATION-TECHNOLOGY,0.20396446,0.21265288,0.6371987,0.41502544,0.49555415
94492380,DIGITAL-MEDIA,0.52421105,0.5281034,0.37860358,0.15619603,0.86317843
25749150,ACCOUNTANT,0.44632334,0.4624247,0.6549389,0.5604252,0.59611917
13095891,CHEF,0.56505036,0.4226389,0.6134212,0.31546724,0.67643696
25838512,FITNESS,0.6984064,0.23514907,0.6893796,0.50280744,0.6892576
30128072,CHEF,0.50310946,0.26484215,0.6407705,0.72489744,0.6951935
34816637,ACCOUNTANT,0.35712233,0.3774548,0.7447279,0.5912565,0.5494437
16391949,APPAREL,0.41357443,0.468125,0.79141736,0.6696351,0.7920274
81310245,BUSINESS-DEVELOPMENT,0.37448308,0.34145755,0.66767794,0.44547907,0.89754635
37664296,DESIGNER,0.50556636,0.3654998,0.7247854,0.32326886,0.44291452
36434348,INFORMATION-TECHNOLOGY,0.3196231,0.4356959,0.3327979,0.43314677,0.40526414
23085604,DIGITAL-MEDIA,0.2732378,0.66316265,0.6372025,0.42241973,0.612027
63083944,CONSTRUCTION,0.4730369,0.24957716,0.7828695,0.76694185,0.69114804
